_id,text
521,도드-프랭크법은 무엇인가?
737,전자어음이 도입된 목적은 무엇인가?
740,커버드본드는 어떤 특징이 있는가?
660,환율조작국이란 무엇인가?
411,정부실패란 무엇인가?
678,상대적 빈곤율이 연령층에 따라 어떻게 달라지는가?
626,기업어음(CP)의 주요 목적은 무엇인가?
513,펀드의 장점은 무엇인가?
859,국민총소득이란 무엇인가?
136,외환전산망이란 무엇인가?
811,전환사채란 무엇인가?
76,BIS 자기자본비율이란 무엇인가?
636,스왑레이트와 차익 거래의 관계는 무엇인가?
973,미국의 P2P대출 중개업자는 어떻게 운영되는가?
938,기타기본자본이란 무엇인가?
899,2008년 글로벌 금융위기 이후 어떤 변화가 있었나?
280,을기금이란 무엇인가?
883,전환사채의 발행 시점과 주식 전환 권 행사에 대해 설명해주실 수 있나요?
761,소액결제시스템에서 리스크 관리는 어떻게 이루어지는가?
319,생산유발계수는 무엇을 의미하는가?
549,스마트계약이란 무엇인가?
174,본원소득수지란 무엇인가?
371,블록체인의 주요 기능은 무엇인가?
527,스탠더드 & 푸어스가 평가하는 주요 신용평가 항목은 무엇인가?
210,증권대금동시결제란 무엇인가?
235,신용파생상품이란 무엇인가?
101,스왑 계약은 어떤 형태로 이루어지는가?
986,마샬의 k의 적용에 있어 어떤 어려움이 있을까?
902,이 제도가 만들어진 이유는 무엇인가?
947,무역지수란 무엇인가?
346,소비자심리지수의 기준치는 어떻게 해석되는가?
139,상시감시전담데스크의 역할은 무엇인가?
621,IMF 스탠드바이협약이란 무엇인가?
499,시장평균환율제도란 무엇인가?
370,녹색기후기금은 어떤 배경에서 설립되었는가?
198,외환시장란 무엇인가?
687,일반회계란 무엇인가?
584,유럽연합의 주요 기구에는 어떤 것들이 있는가?
901,금융기관에 유리하게 적용되는 방식은 무엇인가?
59,명목GDP목표제란 무엇인가?
328,환산위험이란 무엇인가?
96,동일인 및 특수관계인에 대한 개념은 무엇인가?
312,지적소유권이란 무엇인가?
974,가계수지를 어떻게 조사하나?
299,역선택이란 어떤 상황에서 발생하는가?
277,볼커룰의 주요 내용은 무엇인가?
924,재정수지란 무엇인가?
601,EMEAP의 회원국에는 어떤 나라들이 포함되어 있는가?
439,PAC(Planned Amortization Class) 상품의 특징은 무엇인가?
837,이들은 왜 외환시장에 큰 영향을 미치게 되었나?
570,녹색기후기금이란 무엇인가?
879,생산요소로서의 인적자본의 역할은 무엇인가?
261,소액결제시스템이란 무엇인가?
578,소비의 비가역성이란 무엇인가?
23,인터넷뱅킹이란 무엇인가?
30,감독자협의회란 무엇인가?
617,집중도 지수를 사용하여 기업 합병의 영향은 어떻게 평가하나?
10,대출금 출자전환이란 무엇인가?
221,비교우위란 무엇인가?
820,국고대리점은 어떻게 구분되는가?
296,예약자금이체제도의 두 가지 종류는 무엇인가?
54,레버리지 효과의 예시는 어떤 것이 있는가?
542,커버드본드가 은행에 미치는 영향은 무엇인가?
209,연지급수입이란 무엇인가?
604,사이버리스크 발생 시 어떤 유형의 비용이 발생할 수 있는가?
692,한시적 근로자란 무엇인가?
662,IMF 쿼타란 무엇인가?
866,방카슈랑스의 장점은 무엇인가?
70,레그테크의 주요 기능은 무엇인가?
543,기대경로란 무엇인가?
107,중계무역이란 무엇인가?
493,본원소득이란 무엇인가?
590,추심이란 무엇인가?
741,중앙은행이 금리를 결정할 때 테일러 준칙은 어떻게 활용되는가?
292,미발행화폐란 무엇인가?
289,미국과 유럽의 금융지주회사의 설립 형태는 어떻게 다른가요?
652,지급준비제도의 중요성이 변화한 이유는 무엇인가?
39,원금리스크란 무엇인가?
589,지적소유권 보호에 대한 국제적인 문제는 무엇인가?
307,4차 산업혁명은 무엇을 의미하는가?
679,생산유발효과를 분석하는 방법은 무엇인가?
66,주가지수옵션이란 무엇인가?
275,바젤Ⅲ의 주요 내용은 무엇인가?
67,계절변동조정시계열이란 무엇인가?
318,금융중개지원대출제도란 무엇인가?
548,사전적 정책방향 제시란 무엇인가?
998,스프레드거래의 개념은 무엇인가?
714,주가지수옵션의 손익구조는 어떻게 되나?
753,"승용차 수출의 사례로 설명하자면, 무역지수는 어떻게 적용되는가?"
327,통화정책체계란 무엇인가?
382,투입계수란 무엇인가?
451,외환결제리스크란 무엇인가?
522,마스트리히트조약이란 무엇인가?
218,블록체인이 활용되는 분야는 어떤 것들이 있는가?
787,한국의 금융 시스템은 과거와 현재 어떻게 변화했는가?
436,한국은행의 통화량 목표제와 물가안정목표제의 차이는 무엇인가?
764,실망실업자란 무엇인가?
88,핀테크란 무엇인가?
63,화폐교환이란 무엇인가?
826,마이크로 크레디트의 시작은 어떻게 이루어졌는가?
716,"지정환율은 어떻게 결정되며, 결제 단위는 어떤 것이 있는가?"
351,종합금융투자사업자란 무엇인가?
936,금융시스템 상호연계성은 무엇인가?
256,중개무역이란 무엇인가?
635,수쿠크 발행이 높은 성장세를 보이는 이유는 무엇인가?
644,의중임금이란 무엇인가?
554,자유무역협정의 주요 특징은 무엇인가?
959,핀테크란 무엇인가?
168,자본이동자유화규약은 무엇인가?
917,역외펀드란 무엇인가?
528,신용스프레드가 확대되는 현상은 무엇을 의미하는가?
823,이 법이 제정된 이후 어떤 변화가 있었는가?
985,더블딥의 구체적인 예시로 어떤 사건이 자주 언급되는가?
816,통화옵션의 매입자는 어떤 권리를 가지는가?
86,은행경영공시제도란 무엇인가?
432,일물일가의 법칙이란 무엇인가?
184,낙인효과란 무엇인가?
978,글래스-스티걸법 시행 이후 미국 금융시장은 어떻게 변화했는가?
534,잠상이란 무엇인가?
294,분산원장기술이란 무엇인가?
892,후방연쇄효과란 무엇인가?
425,스탠더드 & 푸어스의 신용등급은 어떻게 나누어지는가?
713,장기침체가 경기순환과 어떤 관계가 있는가?
260,생산자물가지수란 무엇인가?
237,장기침체의 원인은 무엇인가?
559,거래위험은 무엇인가?
583,위험가중자산이란 무엇인가?
445,디스인플레이션이 심화될 경우의 위험성은 무엇인가?
867,보기화폐란 무엇인가?
800,순상품교역조건이란 무엇인가?
599,대기성 여신제도는 어떤 기능을 하는가?
849,공개시장운영은 어떤 방식으로 이루어지는가?
265,완전고용 상태에서도 발생할 수 있는 실업의 유형은 무엇인가?
995,일중RP제도란 무엇인가?
529,신주인수권부사채란 무엇인가?
55,대체재란 무엇인가?
120,글로벌금융안전망이란 무엇인가?
215,금본위제가 붕괴한 이유는 무엇인가?
25,여신심사 가이드라인이란 무엇인가?
72,K-CASH 이용 과정은 어떻게 이루어지나?
44,숨은 그림(은화)란 무엇인가?
247,브레튼우즈체제가 언제 붕괴하였나?
721,간접세의 단점은 무엇인가?
281,노동시장이나 보험시장에서의 역선택 문제는 어떤 식으로 나타나는가?
893,피셔 효과를 설명하라.
914,본원통화가 신용창조에 미치는 영향은 무엇인가?
810,전자금융거래법에서 전자금융거래는 어떻게 정의되는가?
244,디커플링이란 무엇인가?
822,법이 제정된 배경은 무엇인가?
321,역모기지론을 통해 고령자가 얻는 이점은 무엇인가?
643,유리보는 무엇인가?
158,공급사용표(SUT)란 무엇인가?
977,우리나라에서는 어떻게 근원인플레이션율을 측정하고 있나?
429,왜 외채와 대외채권에는 지분성 대외금융자산과 부채가 포함되지 않는가?
941,동남아중앙은행기구(SEACEN)란 무엇인가?
462,G20의 회의는 어떻게 구성되어 있나?
309,우리나라의 고령화 진행 상황은 어떤가?
697,겸업주의가 현재 세계적으로 대세라는 것은 어떤 의미인가?
60,자산건전성 분류란 무엇인가?
884,주택저당증권은 어떤 배경에서 도입되었는가?
595,한국에서 금리자유화가 이루어진 시점은 언제인가?
767,감응도계수는 어떤 역할을 하는가?
649,전자화폐란 무엇인가?
650,제1차 통화조치란 무엇인가?
865,미발행화폐 임치제도란 무엇인가?
668,콜금리목표제를 도입했을 때 발생한 문제는 무엇인가?
298,외환전산망의 설립 배경은 무엇인가?
689,타행환공동망이란 무엇인가?
314,통화안정계정은 무엇인가?
310,전통적인 성장 이론과 신성장이론의 차이는 무엇인가?
361,외환전산망을 통해 어떤 정보가 제공되는가?
479,차익거래는 어떻게 수행되는가?
110,DebtRank란 무엇인가?
989,비트코인의 총량과 그에 관계된 속성은 무엇인가요?
486,탄소배출권이란 무엇인가?
363,혼합형결제시스템의 도입 배경은 무엇인가?
254,물가안정목표제의 핵심 요소는 무엇인가?
259,골디락스경제란 무엇인가?
802,가용 안정 자금 조달금액(ASF)과 필요 안정 자금 조달금액(RSF)의 개념은 무엇인가?
677,산업연관표의 세로 방향과 가로 방향은 각각 무엇을 나타내는가?
494,분리결제란 무엇인가?
670,내국신용장이란 무엇인가?
377,지급준비제도란 무엇인가?
526,스탠더드 & 푸어스는 어떤 기관인가?
845,기업어음(CP)란 무엇인가?
137,고정환율제도와 자유변동환율제도는 무엇인가?
355,국제통화기금의 설립 목적은 무엇인가?
365,가계수지란 무엇인가?
942,동행종합지수란 무엇인가?
749,금융의 탈집중화가 초래하는 변화는 무엇인가?
948,바젤은행감독위원회의 회원국은 어떻게 구성되어 있는가?
829,물가는 어떤 요인에 의해 변동하는가?
656,"특별인출권의 가치는 어떻게 결정되며, 어떻게 변동되었는가?"
199,이표채란 무엇인가?
213,환리스크헤지란 무엇인가?
408,순이자마진이란 무엇인가?
332,한국에서 뮤추얼펀드는 어떻게 도입되었나?
208,신흥시장국채권지수(EMBI+)란 무엇인가?
613,20세기 이후 중앙은행의 변화는 어떤 모습이었나?
78,북미자유무역협정(NAFTA)은 무엇인가?
29,지급준비자산제도란 무엇인가?
535,전자금융공동망의 주요 업무는 어떤 것들이 있는가?
695,SWIFT란 무엇인가?
557,진성어음과 융통어음의 구별 기준은 무엇인가?
836,역모기지론이 사회적으로 기대할 수 있는 효과는 무엇인가?
596,금융의 탈집중화와 탈중개화의 결과는 무엇일까?
165,가동률이 경기 상황을 어떻게 반영하는가?
918,우발전환사채의 위험은 무엇인가?
495,세계은행이란 무엇인가?
824,기업간 지급결제시스템이란 무엇인가?
65,일반특혜관세란 무엇인가?
141,트리핀 딜레마란 무엇인가?
925,서비스업생산지수의 목적은 무엇인가?
827,무디스의 평가 원칙은 무엇인가?
655,배출권 거래제도의 목적은 무엇인가?
331,내국신용장의 기능은 무엇인가?
664,삼불원칙이란 무엇인가?
249,계약직은 어떤 유형으로 나뉘는가?
907,4차 산업혁명이 가지는 주요 특성은 무엇인가?
708,성장기여도와 성장기여율의 차이는 무엇인가?
305,국민계정체계란 무엇인가?
734,유럽중앙은행은 무엇인가?
975,고통지수란 무엇인가?
49,기펜재란 무엇인가?
896,금융위원회는 P2P대출에 대해 어떤 규제를 두고 있는가?
2,풋옵션이란 무엇인가?
544,KIKO란 무엇인가?
350,원리금 지급 우선순위에서 차등이 어떻게 이루어지는가?
904,수출입물량지수는 어떻게 계산되는가?
536,전자화폐 결제 과정에서 어떤 기관들이 참여하는가?
344,뮤추얼펀드란 무엇인가?
994,외화자금시장에서 대표적인 거래 형태는 무엇인가?
481,중간소비가 어떻게 계상되는지 예를 들어 설명해 줄 수 있는가?
575,만약 일물일가의 법칙이 완전히 성립한다면 어떤 결과를 기대할 수 있는가?
33,유동비율이란 무엇인가?
31,리디노미네이션이란 무엇인가?
231,단위노동비용에 영향을 미치는 요인은 무엇인가?
963,지급수단과 금융시장 인프라의 관계는 무엇인가?
192,선물환거래란 무엇인가?
333,바이오인증이란 무엇인가?
3,브릭스란 무엇인가?
204,가계신용통계란 무엇인가?
514,프로젝트 파이낸싱의 참여 방식은 어떻게 되는가?
799,선물거래와 유사한 개념은 무엇인가?
306,왜 독점과 과점을 규제해야 하는가?
109,필립스곡선이란 무엇인가?
430,이 용어는 어떻게 생겨났는가?
77,국외순수취요소소득이란 무엇인가?
84,고용보조지표는 어떤 유형의 사람들을 포함하나요?
286,국고수납대리점과 국고금 수납점의 차이는 무엇인가?
82,기축통화란 무엇인가?
991,소비자동향지수(CSI)는 어떻게 조사되나?
789,구속성예금이란 무엇인가?
894,Beyond GDP가 개발되면 기존의 경제 지표인 GDP는 어떻게 될 것인가?
398,핀테크의 발전에 따른 금융시장 변화는 어떤 영향을 미치고 있는가?
323,인플레이션이란 무엇인가?
519,글로벌금융안전망의 구성 요소는 무엇인가?
916,신기술사업금융업의 주요 활동은 무엇인가?
922,경제재와 자유재의 차이점은 무엇인가?
5,황금낙하산이란 무엇인가?
731,글로벌 금융위기 이후 어떤 조치가 취해졌는가?
465,고통지수는 어떤 문제점이 있는가?
97,"CAMEL-R, ROCA, CACREL 시스템은 무엇인가?"
266,채무상환유예란 무엇인가?
357,이 제도가 은행에 미치는 효과는 무엇인가?
868,부가가치기준 무역은 어떻게 정의되는가?
798,보완재란 무엇인가?
380,치킨게임의 예시는 무엇인가?
631,모집과 은행의 수신 행위는 어떤 차이가 있는가?
381,통화전쟁이 발생할 경우 어떤 영향을 미칠 수 있는가?
490,녹색GDP의 필요성이 제기된 이유는 무엇인가?
118,환율경로의 작용 방식은 어떻게 되는가?
900,금융연관비율이란 무엇인가?
250,지로의 업무 유형은 어떻게 나누어지는가?
523,이 조약의 주요 내용은 무엇인가?
9,법률리스크란 무엇인가?
196,바젤 자본규제에서의 예상손실과 예상외 손실의 차이는 무엇인가?
603,뮤추얼펀드의 역사적 기원은 어디에서 시작되었나?
81,갑기금이란 무엇인가?
783,CLS은행이란 무엇인가?
587,최근 장기침체에 대한 주장은 누구에 의해 제기되었는가?
797,뱅크런이란 무엇인가?
239,추가경정예산이란 무엇인가?
290,도덕적 해이가 발생하는 예는 무엇인가?
211,채권시장란 무엇인가?
717,우리나라에서 초대형 투자은행은 어떻게 지정되고 운영되는가?
359,신･재생에너지란 무엇인가?
449,실효환율이란 무엇인가?
227,합병 후 집중도 지수가 어떻게 평가되는가?
950,부채담보부증권이란 무엇인가?
946,과거 1970~80년대의 인플레이션 시대에 관해 어떤 사례가 있었는가?
796,단기금융시장에 투자하는 뮤추얼펀드는 무엇인가?
501,역모기지론과 일반 모기지론의 차이는 무엇인가?
464,경제후생지표란 무엇인가?
362,현실 세계에서 자유재의 예시는 무엇이 있는가?
468,임금이 노동생산성보다 빠르게 상승할 경우 어떤 결과가 발생할 수 있는가?
935,금리스왑이란 무엇인가?
428,역모기지론이란 무엇인가?
7,거액결제시스템이란 무엇인가?
155,자본적정성이란 무엇인가?
541,이 펀드는 어떻게 자금을 지원했는가?
440,국가신용등급 평가 시 고려되는 요소는 무엇인가?
482,증거금이란 무엇인가?
422,좁은 의미에서의 국민소득은 어떻게 정의되는가?
778,프로젝트 파이낸싱은 언제부터 사용되었는가?
949,변동금리의 예시로 어떤 방식이 있는가?
334,은행이 모기지를 유동화할 때 기대되는 효과는 무엇인가?
576,상대적 빈곤율이란 무엇인가?
934,고용률과 실업률의 차이는 무엇인가?
567,국제금융시장이란 무엇인가?
594,가계순저축률이란 무엇인가?
530,아시아태평양경제협력체(APEC)란 무엇인가?
581,외국환관리법과 외국환거래법의 주요 차이점은 무엇인가?
707,부동화란 무엇인가?
448,신주인수권부사채(BW)란 무엇인가?
453,관리재정수지는 어떤 기준으로 산출되는가?
228,통화정책 커뮤니케이션이란 무엇인가?
352,컨트리리스크란 무엇인가?
728,볼커룰 시행 일정은 어떻게 되는가?
212,헤지펀드란 무엇인가?
79,브레튼우즈체제란 무엇인가?
148,지니계수란 무엇인가?
302,콜옵션이란 무엇인가?
628,녹색GDP란 무엇인가?
777,페더럴펀드 목표금리 변경이 미치는 영향은 무엇인가?
506,직접투자가 간접투자와 구별되는 점은 무엇인가?
342,금융EDI란 무엇인가?
485,추정손실이란 무엇인가?
711,유럽연합(EU)은 어떤 기구인가?
133,국가경쟁력지수란 무엇인가?
703,대손충당금적립비율이란 무엇인가?
311,통화정책의 기준금리 인하가 실물경제에 미치는 영향은 얼마나 걸리는가?
722,경기를 판단하는 방법은 무엇이 있는가?
629,래퍼곡선이란 무엇인가?
0,스트레스 테스트란 무엇인가?
316,금융안정위원회(FSB)란 무엇인가?
706,발행시장이란 무엇인가?
547,빅데이터란 무엇인가?
872,성장기여도란 무엇인가?
532,외환보유액의 역할은 무엇인가?
477,자연실업률이란 무엇인가?
404,노동소득분배율이란 무엇인가?
172,미국과 영국에서 겸업의 제한을 두기 위해 도입한 제도는 무엇인가?
125,재정정책이란 무엇인가?
394,위험기준자기자본비율이란 무엇인가?
420,고정자본소모란 무엇인가?
552,이 제도가 도입된 배경은 무엇인가?
903,로보어드바이저가 제공하는 서비스의 특징은 무엇인가?
90,유럽부흥개발은행이란 무엇인가?
939,공개시장조작에서 환매조건부 채권 매각 시 사용되는 방식은 무엇인가?
181,차액결제선물환 거래란 무엇인가?
274,특수목적기구(SPV)란 무엇인가?
895,Herstatt 리스크의 주요 사례는 무엇인가?
69,국제회계기준이란 무엇인가?
291,레버리지 효과의 위험성은 무엇인가?
131,치앙마이 이니셔티브란 무엇인가?
300,종합금융투자사업자의 자본 요건은 무엇인가?
424,보통주자본이 되기 위한 요건은 무엇인가?
326,커버드본드가 가계 부채에 미치는 긍정적인 영향은 무엇인가?
144,국제금융중심지란 무엇인가?
423,글래스-스티걸법의 주요 조항이 어떻게 폐지되었는가?
580,할부금융업은 어떻게 운영되는가?
135,소득5분위배율이란 무엇인가?
450,외국환거래법이 도입된 배경은 무엇인가?
164,프로젝트 파이낸싱의 주요 특징은 무엇인가?
28,자기띠 카드란 무엇인가?
773,직불카드는 무엇인가?
193,소비자물가지수란 무엇인가?
388,무디스가 신용을 평가하는 국가의 수는 어떻게 변화했는가?
852,한국의 합계출산율은 어떻게 변화해왔나?
169,주택저당증권 시장은 어떻게 구성되어 있는가?
705,물가지수를 이용하면 어떤 정보들을 얻을 수 있는가?
140,요소비용 국민소득이란 무엇인가?
173,무디스란 무엇인가?
6,계좌대체란 무엇인가?
745,Herstatt 리스크란 무엇인가?
478,제2차 통화조치란 무엇인가?
73,대부분의 중앙은행이 테일러 준칙을 참고지표로만 사용하는 이유는 무엇인가?
910,시스템적으로 중요한 금융기관의 부실화가 우려되는 이유는 무엇인가?
813,지급결제제도 감시란 무엇인가?
238,뱅크머니와 전자화폐공동망의 관계는 무엇인가?
145,글로벌가치사슬이란 무엇인가?
792,국제원유가격이란 무엇인가?
234,생산세란 무엇인가?
220,할당관세제도란 무엇인가?
923,잠재경제활동인구는 어떤 지표 계산에 사용되는가?
500,엥겔의 법칙이란 무엇인가?
132,환경권이란 무엇인가?
990,서킷브레이커는 어떻게 작동하는가?
774,직접투자의 구체적인 유형은 무엇이 있는가?
185,이중통화채란 무엇인가?
41,대외지급준비자산이란 무엇인가요?
696,VIX란 무엇인가?
108,평가절하와 평가절상의 차이는 무엇인가?
588,시가총액 가중식 방식으로 주가 지수를 산출하는 방법은 무엇인가?
56,물가안정목표제란 무엇인가?
405,주식 발행의 형태에는 어떤 것들이 있는가?
442,최근 금융위기와 금융안정의 관계는 무엇인가?
757,부채비율이란 무엇인가?
997,전자서명법에 따른 전자서명의 특징은 무엇인가?
24,토빈세란 무엇인가?
467,금융안정이란 무엇인가?
539,대표적인 지역금융협정에는 무엇이 있는가?
531,양적완화정책의 부작용은 무엇인가?
618,청년실업률이란 어떤 것을 의미하는가?
694,현지법인이란 무엇인가?
926,"전자상거래의 초기 주 이용자는 누구였고, 현재는 어떻게 변화했는가?"
338,후순위금융채의 특성은 무엇인가?
51,국고수표란 무엇인가?
507,최종대부자 기능의 개념이 최근 어떻게 확장되었는가?
516,경기의 순환이란 무엇인가?
920,난내 자산과 난외 자산의 익스포저는 어떻게 다른가?
781,액면 종류가 적은 것의 장단점은 무엇인가?
264,오만원권에서 은선을 어떻게 확인할 수 있나?
817,CAMEL-R 시스템은 어떤 기준으로 평가되는가?
710,아시아개발은행(ADB)은 무엇인가?
682,예상손실이란 무엇인가?
832,신용경색의 악순환은 어떻게 발생하는가?
518,국제산업연관표란 무엇인가?
447,생활물가지수란 무엇인가?
18,수출보험이란 무엇인가?
715,순수지주회사와 사업지주회사의 차이는 무엇인가?
483,기준년과 지수기준년의 차이는 무엇인가?
568,글래스-스티걸법이란 무엇인가?
433,제로금리정책이란 무엇인가?
367,OECD는 어떤 분야에서 활동하고 있는가?
83,GDP디플레이터란 무엇인가?
61,집단대출이란 무엇인가?
638,실물화폐와 명목화폐의 차이는 무엇인가?
272,장단기금리차는 어떤 요인에 의해 영향을 받을 수 있는가?
285,겸업주의와 전업주의의 차이는 무엇인가?
360,아세안+3 거시경제조사기구(AMRO)란 무엇인가?
354,미국 재무부의 역할은 무엇인가?
456,주가수익비율이란 무엇인가?
278,연쇄가중법이란 무엇인가?
12,속물효과란 무엇인가?
182,결제란 무엇인가?
368,역외 국제금융중심지는 어떤 특징이 있는가?
881,장단기금리차의 계산 예시는 무엇인가?
615,이 결제 방식이 국제적으로 권장되는 이유는 무엇인가?
223,워싱턴 컨센서스에서는 어떤 정책을 제시하고 있는가?
572,독점이란 무엇인가?
970,환경계정에서 어떻게 사회적 환경 손실을 평가하는가?
653,한 국가가 채무상환유예를 선언하면 어떤 과정을 거치게 되는가?
545,글래스-스티걸법의 핵심 내용은 무엇인가?
582,워싱턴 컨센서스란 무엇인가?
633,볼커룰과 관련한 논란은 무엇인가?
176,환차손과 환차익은 무엇인지 설명해 주실 수 있나요?
665,국가신용등급이란 무엇인가?
673,채권자의 입장에서는 부채비율이 높을 경우 어떤 우려가 있는가?
585,자금순환표의 주요 목적은 무엇인가?
873,소비자심리지수가 중요한 이유는 무엇인가?
393,요소비용이란 무엇인가?
163,통화정책 커뮤니케이션의 중요성이 커진 이유는 무엇인가?
248,적기시정조치제도란 무엇인가?
634,사이버리스크란 무엇인가?
885,중간소비란 무엇인가?
669,기준환율이란 무엇인가?
375,자연독점의 예시는 무엇인가?
412,정책시차란 무엇인가?
74,고용보조지표의 세 가지 형태는 무엇인가요?
113,시스템 리스크란 무엇인가?
598,복리가 단리보다 유리한 이유는 무엇인가?
961,정부실패를 방지하기 위한 조치는 어떤 것들이 있는가?
390,무권화란 무엇인가?
104,상계관세란 무엇인가?
114,외채와 대외채권의 정의는 무엇인가?
417,이 제도가 왜 필요한가?
525,Outright Forward와 Swap Forward의 차이는 무엇인가?
457,우리나라에서 이 방식은 어떻게 적용되고 있는가?
409,외환전산망이 수행하는 주요 업무는 무엇인가?
92,지로란 무엇인가?
930,한은금융망에 참여하는 기관들은 어떤 종류가 있는가?
89,고객확인절차(KYC)란 무엇인가?
336,통화정책의 역사는 어떻게 시작되었는가?
988,블록체인과 탈중앙화란 무엇인가?
921,자동안정화장치의 단점은 무엇인가?
933,영국의 P2P대출은 어떻게 운영되는가?
605,상품공동기금(CFC)란 무엇인가?
593,sequential CMO는 어떤 구조를 가지고 있는가?
611,부담금이 어떻게 부과되는가?
94,구제금융이란 무엇인가?
11,직불카드공동망이란 무엇인가?
396,차액결제시스템이란 무엇인가?
533,유동성은 어떤 두 가지 형태로 구분될 수 있는가?
43,공공재란 무엇인가?
42,자유변동환율제도의 장점과 단점은 무엇인가?
329,환율조작국 지정 기준은 무엇인가?
167,환경계정이란 무엇인가?
497,수쿠크는 어떻게 발전하였는가?
876,신용경색이 발생하는 주된 원인은 무엇인가?
597,금융시장에는 어떤 유형이 있는가?
756,"CDO와 관련된 사건이 있었는데, 그것은 무엇인가?"
100,지급결제시스템은 어떻게 분류될 수 있는가?
426,어음교환이란 무엇인가?
178,보완자본이란 무엇인가?
444,단리와 복리는 어떤 방식으로 이자를 계산하는가?
416,환율조작국 지정 후의 제재는 어떤 것이 있는가?
870,비트코인의 가격 변동성과 규제에 대한 문제는 무엇인가요?
882,전자단기사채가 인정받기 위한 요건은 무엇인가?
680,바젤은행감독위원회(BCBS)는 시장리스크와 관련하여 어떤 조치를 취하고 있는가?
177,모바일뱅킹이란 무엇인가?
395,왜 은행들이 CD금리보다 COFIX를 덜 선호하는가?
911,비우량회사채의 신용스프레드 변화는 무엇을 나타내는가?
793,국제회계기준이 도입된 국가는 어디인가?
960,정부실패가 발생하는 이유에는 어떤 것들이 있을까?
684,유럽연합의 회원국 수는 어떻게 변해왔는가?
383,한국은행의 설립 이후 주요 시기별로 어떤 역할을 수행해왔는가?
956,외국환포지션이란 무엇인가?
751,디스인플레이션 현상이 나타나면 경제에 어떤 영향을 미칠 수 있는가?
257,"[1,5]체계와 [1,2,5]체계의 예는 무엇인가?"
538,지역금융협정이란 무엇인가?
335,통화스왑과 외환스왑의 차이점은 무엇인가?
15,금융 하부구조란 무엇인가?
324,총고정자본형성에는 어떤 지출이 포함되는가?
758,삼불원칙이란 무엇인가?
222,외화가득액과 외화가득률은 무엇을 의미하는가?
179,수요탄력성이란 무엇인가?
983,난외거래를 감독하는 이유는 무엇인가?
22,J커브효과란 무엇인가?
356,금융채란 무엇인가?
666,국제원유가격은 어떻게 결정되나?
861,규모의 경제가 나타나는 산업의 예시는 무엇인가?
340,이 규제의 필요성이 대두된 배경은 무엇인가?
431,은선이란 무엇인가?
551,애그플레이션의 원인은 무엇인가?
833,신용스프레드가 줄어드는 것은 어떤 의미인가?
203,신흥 핀테크는 어떤 특징을 가지고 있는가?
630,기회비용과 매몰비용은 어떻게 다른가?
93,거시건전성 정책이란 무엇인가?
558,금리경로는 어떻게 작용하는가?
68,바젤 자본협약의 역사적 발전 과정을 설명해 주세요.
622,영업 양수도는 어떤 방식인가?
284,신용카드 VAN사업자의 주요 업무는 무엇인가?
844,지급결제시스템이란 무엇인가?
434,지역금융협정의 필요성이 커진 이유는 무엇인가?
153,북미자유무역협정의 경제적 영향은 어떤가?
75,자본거래자유화란 무엇인가?
730,생산유발효과의 예시는 어떤 것이 있는가?
446,만기수익률은 무엇인가?
188,통화유통속도란 무엇인가?
271,외채 및 대외채권 통계가 왜 중요한가?
236,양적완화정책이란 무엇인가?
487,"특별인출권은 어떻게 배분되며, 배분의 종류는 무엇인가?"
117,최종수요와 중간수요의 차이는 무엇인가?
943,로보어드바이저 서비스는 어떤 형태로 제공되는가?
512,펀드란 무엇인가?
825,듀레이션이란 무엇인가?
591,"치앙마이 이니셔티브의 한계는 무엇이었고, 이를 어떻게 극복했나?"
126,테일러 준칙이란 무엇인가?
116,생산과 출하의 관계는 어떻게 나타나는가?
473,서비스수지란 무엇인가?
693,현금자동인출기 공동망의 도입으로 어떤 변화를 가져왔는가?
57,원금이자분리채권이란 무엇인가?
863,동아시아 외환위기란 무엇인가?
912,신용연계증권이란 무엇인가?
369,금리평가이론이란 무엇인가?
268,통상임금의 정의에 포함되는 요소는 무엇인가?
46,비관측경제란 무엇인가?
349,전자금융이란 무엇인가?
195,신용파생상품의 사용으로 어떤 이점이 있는가?
999,중앙은행의 역할은 무엇인가?
834,양적완화정책이 시행된 이유는 무엇인가?
736,자금조달비용지수란 무엇인가?
263,업무지속계획이란 무엇인가?
443,기초가격과 구매자가격의 차이는 무엇인가?
675,빅맥지수란 무엇인가?
304,경직적 물가지수란 무엇인가?
341,그린본드란 무엇인가?
966,집중도 지수의 기준점은 무엇인가?
149,현시비교우위지수란 무엇인가?
124,자산유동화란 무엇인가?
786,우리나라에서 가동률과 생산능력은 어떻게 발표되는가?
50,외환스왑거래란 무엇인가?
353,현지금융이란 무엇인가?
927,원금리스크는 어떤 상황에서 발생하는가?
142,환리스크란 무엇인가?
470,부가가치유발계수란 무엇인가?
399,환경계정의 목적은 무엇인가?
625,국제결제은행(BIS)이란 무엇인가?
320,스톡퍼처스와 스톡옵션의 차이점은 무엇인가?
19,대체비용리스크란 무엇인가?
809,재정정책의 주요 목표는 무엇인가?
790,다른 국가들에서 설립된 국부펀드의 예시는 무엇이 있는가?
808,장기금융시장(자본시장)이란 무엇인가?
407,선물환거래의 주된 목적은 무엇인가?
537,중앙거래당사자는 어떤 역할을 수행하는 기관인가?
620,기업회생절차와 워크아웃의 차이는 무엇인가?
38,볼커룰이란 무엇인가?
175,선물환거래는 어떤 유형으로 구분되는가?
245,마찰적 실업이란 무엇인가?
828,"물가안정목표제는 언제 처음 도입되었고, 어떤 나라에 확산되었는가?"
667,금융중개지원대출제도의 주요 프로그램에는 어떤 것들이 있는가?
754,방카슈랑스란 무엇인가?
858,국민부담률이란 무엇인가?
154,선행종합지수란 무엇인가?
287,국부펀드란 무엇인가?
602,레버리지 활용시 주의해야 할 점은 무엇인가?
569,이 법에 대한 반응은 어땠는가?
743,전통적 핀테크의 역할은 무엇인가?
17,관리변동환율제도란 무엇인가?
127,화폐환수란 무엇인가?
322,인터넷전문은행이 소비자에게 제공하는 이점은 무엇인가?
255,상품수지란 무엇인가?
657,구매력평가설이 성립하는 가정을 설명해 줄 수 있는가?
964,왜 지급준비제도가 여전히 유용한가?
190,완화적 통화정책이 통화전쟁에 미치는 영향은 무엇인가?
115,자동안정화장치란 무엇인가?
616,지급결제 및 시장인프라 위원회는 어떤 조직인가?
606,기타 생산세는 무엇을 의미하는가?
180,운영리스크의 발생 요인은 무엇이 있는가?
301,죄수의 딜레마란 무엇인가?
759,전통적인 경제 성장 이론과 소득 주도 성장 이론의 차이는 무엇인가?
712,자발적 실업이 완전고용과 어떤 관계가 있는가?
723,구조적 이익률이란 무엇인가?
685,자본적지출이란 무엇인가?
979,금리스왑 스프레드란 무엇인가?
517,외환위기 이전과 이후의 구인배율은 어떻게 차이가 있는가?
984,대안정기의 주된 원인은 무엇인가?
45,에너지바우처제도란 무엇인가?
909,스왑레이트가 낮아지는 경우는 어떤 경우인가?
157,고용유발효과와 취업유발효과는 무엇인가?
851,한은금융망(BOK-Wire+)은 무엇인가?
171,평가절상이란 무엇인가?
16,매출액영업이익률이란 무엇인가?
511,선도계약과 선물의 차이점은 무엇인가?
48,국고금 실시간 전자이체란 무엇인가?
971,회계적 환위험이란 무엇인가요?
940,독점시장과 과점시장은 어떻게 구분되는가?
515,가계부실위험지수(HDRI)란 무엇인가?
952,임금 주도 경제와 이윤 주도 경제는 어떤 관계를 가지고 있는가?
480,조기상환위험이란 무엇인가?
283,환어음이란 무엇인가?
718,옵션 계약의 특징은 무엇인가?
877,이 금융 상품의 장점은 무엇인가?
225,입금이체란 무엇인가?
26,PF-ABCP란 무엇인가?
954,종업원 주식매수선택권은 어떤 역할을 하는가?
437,프로젝트 파이낸싱이란 무엇인가?
951,소득주도성장이란 무엇인가?
364,환경계정과 관련된 지표는 무엇인가?
229,가상통화란 무엇인가?
37,수출입물가지수란 무엇인가?
965,최근 지적소유권의 변화에 대해 설명해 줄 수 있는가?
374,자연독점이란 무엇인가?
469,디스인플레이션의 예시는 무엇인가?
967,크라우드펀딩이란 무엇인가?
850,투자은행의 주요 업무는 무엇인가?
704,래퍼곡선에 따르면 세율 조정이 조세수입에 미치는 영향은 어떤가?
841,전자지급결제대행이란 무엇인가?
194,순이체한도제란 무엇인가?
854,VaR란 무엇인가?
864,미달러화페그제도의 장단점은 무엇인가?
503,유럽부흥개발은행의 주요 업무는 무엇인가?
969,헤지펀드가 모여 운영되는 방식은 어떤가?
830,보호무역주의란 무엇인가?
579,업무지속계획을 수립하는 데 필요한 단계는 무엇인가?
968,통화안정증권은 어떻게 활용되는가?
162,융통어음은 어떤 것인가?
908,서킷브레이커의 단계별 발동 조건은 무엇인가?
152,레버리지 효과란 무엇인가?
801,순안정자금조달비율이란 무엇인가?
993,외국환업무취급기관은 무엇인가?
755,이 제도를 통해 얻어진 장점은 무엇인가?
111,대출채권 분할매각이란 무엇인가?
226,제조업 생산능력지수와 가동률지수란 무엇인가?
688,"최저임금제가 언제 도입되었고, 어떤 효과가 있는가?"
103,도덕적 해이란 무엇인가?
421,국내총생산은 어떤 종류로 구분되나요?
419,고정분류여신이란 무엇인가?
750,기준금리를 변경한 이유는 무엇인가?
586,자연독점이 형성되는 이유는 무엇인가?
780,한계소비성향이란 무엇인가?
672,부실채권정리기금이란 무엇인가?
119,이 규제는 어떤 특정 조건을 포함하고 있나?
53,고정환율제도의 장점과 단점은 무엇인가?
151,동태적 대손충당금 제도란 무엇인가?
403,기업공개란 무엇을 의미하는가?
945,명목금리와 실질금리는 무엇인가?
207,수요견인 인플레이션이란 무엇인가?
658,헤지펀드의 투자 전략은 무엇인가?
843,중앙은행의 역사적 발전 과정은 어떤가?
762,순상품교역조건지수가 하락하는 것은 어떤 결과를 초래할 수 있는가?
8,유로달러란 무엇인가?
807,원/위안 직거래시장을 개설하기로 합의한 이유는 무엇인가?
36,분수효과란 무엇인가?
452,유동성 리스크란 무엇인가?
651,주당순이익이란 무엇인가?
253,대외지급준비자산의 주요 특징은 무엇인가요?
303,"이 시스템은 어떻게 운영되며, 어떤 기능을 가지고 있는가?"
746,MSCI ACWI는 어떤 지수인가?
571,대기성 여수신제도란 무엇인가?
623,결제리스크는 어떤 요인에 의해 발생할 수 있는가?
732,소득이 증가할 때 소비지출의 변화는 어떻게 나타나는가?
891,한국은 환율조작국으로 분류된 적이 있는가?
262,아시아인프라은행의 설립 배경은 무엇인가?
610,와타나베 부인이란 무엇인가?
297,외국환포지션한도란 무엇인가?
414,중앙거래당사자가 중요한 이유는 무엇인가?
150,담보인정비율이란 무엇인가?
788,일반적으로 고정금리는 변동금리보다 어떤 특징이 있는가?
640,지역 연방준비은행의 주요 기능은 무엇인가?
889,핀테크의 예시에는 어떤 것들이 있는가?
550,신용환산율은 어떤 과정에서 사용되며 어떻게 산정되나?
886,지급수단이란 무엇인가?
488,가산금리란 무엇인가?
147,디플레이션이란 무엇인가?
146,금산분리란 무엇인가?
720,국민총소득(GNI)과 가계처분가능소득의 차이는 무엇인가?
931,1980년대까지의 현지금융 제도의 초점은 무엇이었는가?
739,지방은행공동망이란 무엇인가?
659,화폐의 액면체계란 무엇인가?
348,외부효과가 시장에서 대가 없이 발생할 경우 어떤 문제가 발생할 수 있는가?
463,가교은행을 통한 인수방식의 특징은 무엇인가?
325,출구전략이란 무엇인가?
186,채권시장안정펀드는 무엇인가?
123,선물거래의 특징은 무엇인가?
853,선순위 tranche의 듀레이션이 후순위 tranche보다 짧은 이유는 무엇인가?
608,스태그플레이션이란 무엇인가?
143,환매조건부매매란 무엇인가?
958,전산업생산지수란 무엇인가?
197,외국환포지션의 종류에는 어떤 것이 있는가?
609,대고객 CD와 은행간 CD의 차이점은 무엇인가?
279,외환건전성부담금제도란 무엇인가?
293,"Myron Gordon이 제안한 모형은 무엇이며, 그 기본 가정은 무엇인가?"
400,공매도의 예시는 어떤 것이 있는가?
122,상품수지와 무역수지의 차이는 무엇인가?
183,국제경영개발원은 어떻게 국가의 경쟁력을 평가하는가?
202,집단대출의 종류는 무엇이 있는가?
438,왜 Beyond GDP의 개발이 필요하다고 여겨지는가?
246,명목GDP목표제의 단점은 무엇인가?
415,위험선호경로가 나타내는 현상은 무엇인가?
932,신용평가 제도는 회사채에 어떤 영향을 미치는가?
765,이 법칙이 작용하는 이유는 무엇인가?
906,블록체인과 탈중앙화의 관계는 무엇인가?
835,역모기지론의 상환 방식은 어떻게 이루어지는가?
887,최저임금제란 무엇인가?
129,발행중지화폐와 유통정지화폐의 차이는 무엇인가?
637,신용위험이란 무엇인가?
402,금본위제란 무엇인가?
784,G20 회의의 주요 목적은 무엇인가?
770,우리나라의 통화정책 효과에 대한 연구 결과는 어떤가?
735,유통시장이란 무엇인가?
913,신용연계증권에서 보장매입자와 보장매도자가 각각 어떤 역할을 하나?
219,은행인수어음이란 무엇인가?
641,예약자금이체제도란 무엇인가?
915,양적완화정책이 경제에 미치는 긍정적인 영향은 어떤 것들이 있는가?
752,래퍼곡선의 주요 특징은 무엇인가?
806,업무중단이 발생할 경우 어떤 전략을 개발해야 하는가?
919,유통시장은 어떤 종류로 나뉘는가?
624,고정이하여신비율이란 무엇인가?
874,슈퍼301조란 무엇인가?
760,소비자심리지수란 무엇인가?
386,금융안정위원회의 구조는 어떻게 구성되어 있는가?
972,G7이란 무엇인가?
509,자산가격경로는 무엇을 의미하는가?
267,청산이란 무엇인가?
819,IC카드란 무엇인가?
441,국민소득이란 무엇인가?
496,소비자동향지수(CSI)란 무엇인가?
112,수입징수관과 지출관이란 무엇인가?
691,우리나라 통화승수의 장기추세는 어떻게 변화하고 있는가?
232,레그테크의 핵심 특징에는 무엇이 있는가?
869,비트코인은 어떻게 생성되나요?
607,세계무역기구(WTO)란 무엇인가?
671,무디스는 어떤 방식으로 신용등급을 제공하는가?
373,자본시장통합법에 따라 금융투자업은 어떤 방식으로 구분되는가?
981,기업 간 지급결제 시스템과 개인 간 지급결제 시스템의 차이는 무엇인가?
842,죄수의 딜레마가 시사하는 바는 무엇인가?
233,부가가치란 무엇인가?
785,IC카드는 어떤 용도로 사용될 수 있는가?
676,사회보험에 가입하는 방식은 어떻게 되는가?
317,금융의 탈중개화란 무엇인가?
648,최근 전자금융의 트렌드에는 어떤 변화가 있는가?
410,자기자본비율은 무엇을 나타내는 지표인가?
898,고용률이 낮아지는 경우는 어떤 경우인가?
709,세계무역기구의 조직 구조는 어떻게 구성되어 있는가?
358,수출입물량지수란 무엇인가?
258,경제협력개발기구(OECD)란 무엇인가?
744,최신 금리의 변동에 따라 각각 어떻게 대처할 수 있는가?
627,기준환율과 대고객환율의 차이는 무엇인가?
632,물가지수란 무엇인가?
282,카르텔이란 무엇인가?
376,정부실패가 일어날 수 있는 구체적인 예는 무엇인가?
384,부가가치 통신망의 본래 의미는 무엇인가?
224,은행인수어음의 특징은 무엇인가?
953,스마트계약의 주요 장점은 무엇인가?
814,집중도 지수란 무엇인가?
472,생산유발효과란 무엇인가?
347,아시아개발은행의 주요 기능은 무엇인가?
505,제조업평균가동률갭이란 무엇인가?
639,애그플레이션이란 무엇인가?
987,매입외환은 무엇인가?
928,지주회사의 정의에 따르면 어떤 기준으로 분류되는가?
905,밴드웨건효과란 무엇인가?
619,화폐의 액면체계는 어떻게 구분되는가?
855,결제부족자금 공동분담제란 무엇인가?
803,중앙은행이 통화량을 조절하는 방법은 무엇인가?
645,일물일가의 법칙은 무역에서도 적용될 수 있는가?
846,정부 및 감독당국은 총부채원리금상환비율을 어떻게 활용하고자 하는가?
556,지급결제제도 감시가 필요한 이유는 무엇인가?
957,이슬람금융의 특징은 무엇인가?
577,서킷브레이커란 무엇인가?
795,"환경경제통합계정(SEEA)란 무엇이고, 그 역할은?"
85,범위의 경제란 무엇인가?
242,규모의 경제란 무엇인가?
698,기존의 공식 실업률과 고용보조지표의 차이는 무엇을 의미하나요?
159,금융공황이란 무엇인가?
524,변동금리부채권이란 무엇인가?
35,교환사채란 무엇인가?
540,무엇이 집중도 지수를 높이는 이유인가?
170,커버드본드란 무엇인가?
654,최종대부자 기능이란 무엇인가?
890,현지금융으로 조달한 자금이 국내로 유입될 경우 어떤 우려가 있는가?
857,이 평가의 주요 목적은 무엇인가?
847,캐리트레이드란 무엇인가?
944,명목국내총생산이란 무엇인가?
733,예대율 규제는 왜 필요했는가?
95,긴축정책이란 무엇인가?
563,취업자의 정의는 무엇인가?
240,표면금리란 무엇인가?
742,평가절상과 평가절하의 차이는 무엇인가?
574,디커플링의 예시는 무엇이 있는가?
690,통화스왑 거래의 예시는 어떤 것이 있는가?
460,통화정책이란 무엇인가?
553,이 비율을 어떻게 계산하는가?
888,치앙마이 이니셔티브의 주요 내용은 무엇인가?
206,꼬리위험이란 무엇인가?
392,"아시아개발은행의 가입 자격은 어떻게 되며, 현재 회원국 수는 몇 개인가?"
794,기업공개의 절차는 어떻게 진행되는가?
397,특별인출권이란 무엇인가?
766,자연독점의 특징은 어떤 것이 있는가?
848,통화스왑이란 무엇인가?
217,미달러화페그제도란 무엇인가?
4,파레토최적이란 무엇인가?
768,전자어음이란 무엇인가?
642,우발전환사채란 무엇인가?
929,한국은행은 언제 설립되었으며 그 주된 역할은 무엇인가?
612,자본시장통합법이란 무엇인가?
738,주가지수란 무엇인가?
546,금리평가이론의 현실적 한계는 무엇인가?
725,과거에 금융안정과 관련된 사례는 어떤 것이 있는가?
683,외환당국은 외국환포지션을 어떻게 관리하는가?
98,단일금리방식과 복수금리방식의 차이는 무엇인가?
804,아시아개발은행 회원국 중 투표권 비중이 가장 높은 국가는 어디인가?
727,마이크로 크레디트란 무엇인가?
573,동일인 신용공여한도제란 무엇인가?
406,산업연관표란 무엇인가?
502,대손충당금은 기대 손실과 어떤 관계가 있나요?
47,유동성딜레마란 무엇인가?
32,블록체인이란 무엇인가?
779,한계비용의 변화를 분석하는 이유는 무엇인가?
839,장단기금리차는 경제에 대해 어떤 정보를 제공하는가?
200,직접투자란 무엇인가?
134,배당할인모형이란 무엇인가?
27,비용인상 인플레이션이란 무엇인가?
880,자본생산성과 노동생산성의 차이는 무엇인가?
230,가상통화공개는 무엇인가?
489,간접금융과 직접금융의 차이점은 무엇인가?
772,지정시점처리제도란 무엇인가?
378,채권시가평가란 무엇인가?
288,금융의 탈집중화란 무엇인가?
418,경상수지란 무엇인가?
674,불완전경쟁시장에 대해 설명해줄 수 있나요?
391,시스템적으로 중요한 금융기관이란 무엇인가?
592,테이퍼링이란 무엇인가?
498,스무딩오퍼레이션이란 무엇인가?
138,비트코인이란 무엇인가?
62,혼합형결제시스템이란 무엇인가?
471,상품공동기금의 주요 기능은 무엇인가?
647,NAIRU는 무엇을 의미하는가?
128,CMOS 서비스의 기능과 필요성은 무엇인가?
976,규제 샌드박스의 목적은 무엇인가?
520,담보인정비율 산정 방식은 어떻게 이루어지는가?
838,이 제도의 대출 한도는 어떻게 설정되는가?
962,증권결제와 자금결제의 주요 차이는 무엇인가?
64,긴급수입제한조치란 무엇인가?
812,정부당좌예금계정이란 무엇인가?
14,경기순응성이란 무엇인가?
156,회수의문이란 무엇인가?
40,규제 샌드박스의 장점은 무엇인가?
492,모바일뱅킹을 통해 어떤 서비스가 제공되는가?
379,"최저임금은 어떻게 결정되며, 이를 지키지 않을 경우 어떤 처벌이 있는가?"
187,총고정자본형성이란 무엇인가?
763,"신용위험은 무엇이며, 왜 중요한가?"
216,환가료란 무엇인가?
791,BIS의 주요 기능은 무엇인가?
52,수출경합도지수란 무엇인가?
878,이전소득수지란 무엇인가?
337,"SPV는 어떤 형태로 설립되며, 어떤 제한이 있는가?"
748,경제활동인구와 비경제활동인구의 차이는 무엇인가?
719,위험가구는 어떤 기준으로 구분되는가?
724,국제투자대조표란 무엇인가?
295,연방준비제도란 무엇인가?
701,기업경기실사지수의 높은 비율은 무엇을 나타내는가?
251,고용보조지표란 무엇인가?
726,기대인플레이션이 상승하면 어떤 결과가 발생하는가?
461,환전영업자가 외환을 매도할 수 있는 경우는 언제인가?
455,정규직과 비정규직의 차이는 무엇인가?
996,자본시장통합법의 주요 목적은 무엇인가?
815,DTI와 LTV 규제의 관계는 무엇인가?
862,더블딥이란 무엇인가?
269,바젤Ⅲ가 도입된 이유는 무엇인가?
201,진성어음이란 무엇인가?
161,브레튼우즈체제가 생긴 배경은 무엇인가?
555,콜옵션과 풋옵션의 차이는 무엇인가?
729,빅맥지수를 이용하는 이유는 무엇인가?
401,국내공급물가지수란 무엇인가?
702,매매기준율에 대해 설명해줄 수 있는가?
476,"인적자본 개념은 누가 제안하였으며, 그 주장은 무엇인가?"
821,금융계정의 역할은 무엇인가?
771,정크본드 시장은 어떻게 형성되었는가?
105,소득교역조건지수란 무엇인가?
565,국내공급물가지수의 특징은 무엇인가?
389,부가가치계수는 어떤 의미를 가지는가?
1,매매보호 서비스란 무엇인가?
937,금융안정의 개념이 주목받게 된 것은 언제부터인가?
982,기업경기실사지수는 어떻게 작성되는가?
561,CMO란 무엇인가?
80,자금관리서비스(CMS)공동망이란 무엇인가?
205,기회비용이란 무엇인가?
34,거액익스포저 규제란 무엇인가?
775,출자총액제한제도의 제한은 어떤 조건에서 적용되는가?
508,자금공급자는 크라우드펀딩을 통해 어떤 이점과 리스크를 경험할 수 있는가?
427,시설대여업의 정의는 무엇인가?
454,전자금융공동망이란 무엇인가?
366,가동률이란 무엇인가?
91,전방연쇄효과란 무엇인가?
339,가상통화공개와 기업공개는 어떤 차이가 있는가?
897,국민계정체계에서 간접세와 직접세 대신 사용되는 용어는 무엇인가?
564,국고전산망이란 무엇인가?
345,발행시장 참여자는 어떤 주체가 있는가?
776,"신탁회사는 SPV로 활용되는데, 그 방식은 무엇인가?"
241,경영평가지표란 무엇인가?
13,사전담보제란 무엇인가?
315,경영지도비율이란 무엇인가?
600,과점이란 무엇인가?
387,동남아시아국가연합+한･중･일(ASEAN+3)란 무엇인가?
273,"CMI 다자화 협정은 언제 발효되었고, 그 목적은 무엇인가?"
166,전자화폐공동망이란 무엇인가?
840,우리나라의 주요 공인인증기관에는 어떤 곳들이 있는가?
992,경기대응완충자본의 기능은 무엇인가?
646,자산유동화증권의 종류는 어떤 것들이 있는가?
818,G20은 어떤 조직인가?
484,중앙은행이 최종대부자 기능을 수행하는 이유는 무엇인가?
980,기본자본이란 무엇인가?
504,전자정보교환제도란 무엇인가?
831,스마트계약이 계약 실행을 어떻게 개선하는가?
243,도드-프랭크법은 어떤 주요 내용들을 포함하고 있는가?
566,국내총생산이란 무엇인가?
875,스왑레이트가 금융기관의 자금사정을 어떻게 나타내는가?
562,일반증액과 특별증액의 차이는 무엇인가?
686,자유무역협정과 세계무역기구(WTO)의 다자간무역협정의 차이점은 무엇인가?
189,통화유통속도가 결정되는 요인은 무엇인가?
782,자동차의 수요가 다른 산업에 미치는 영향은 어떤 방식으로 이해할 수 있는가?
699,국민계정체계에서 기록되는 내용은 어떤 것인가?
475,외환보유액이란 무엇인가?
681,신용평가 제도가 어떻게 발전해 왔는가?
510,특별인출권의 도입 이유는 무엇인가?
58,낙수효과란 무엇인가?
474,수확체감의 법칙이란 무엇인가?
560,Beyond GDP란 무엇인가?
856,경기동향지수란 무엇인가?
747,결제완결성이란 무엇인가?
252,한국에서 녹색GDP와 관련하여 어떤 계획이 진행되고 있는가?
21,경기란 무엇인가?
313,예를 들어 NDF 계약의 결제 과정은 어떻게 이루어지는가?
459,테이퍼링과 대차대조표 정상화는 어떻게 다른가?
160,대량지급이란 무엇인가?
276,경기종합지수는 어떻게 구분되는가?
955,지급준비율이 신용창조에 미치는 영향은 무엇인가?
191,세계경제포럼에서는 어떻게 국가경쟁력을 평가하는가?
385,공매도란 무엇인가?
805,어음관리계좌(CMA)의 발전 과정은 어떻게 되는가?
413,정크본드란 무엇인가?
491,단기금융시장이 중요한 이유는 무엇인가?
343,금융안정은 왜 중요한가?
769,전자어음만의 특징은 무엇인가?
308,완충자본이란 무엇인가?
661,후순위금융채란 무엇인가?
130,유동성 함정이란 무엇인가?
663,가계부실위험지수가 어떻게 설정되는가?
871,2016년 기준으로 상품공동기금의 가맹국 수와 출자금액은 얼마인가?
99,지급이란 무엇인가?
372,순상품교역조건지수가 상승하면 어떤 의미인가?
87,차입매수란 무엇인가?
458,금융시장 인프라에는 어떤 기관들이 포함되는가?
330,기업이 글로벌가치사슬 접근법을 이용하는 이유는 무엇인가?
214,Treasury Bill(T/B)란 무엇인가?
466,"한국에서 금융사이클은 언제부터 언제까지 측정되었고, 그 결과는 어땠는가?"
121,기저효과란 무엇인가?
614,분리결제와 증권대금동시결제(DVP)의 차이는 무엇인가?
20,자연실업률과 인플레이션의 관계는 어떻게 설명될 수 있는가?
700,OECD는 국민부담률을 산출하는 데 어떤 방식을 사용하는가?
71,워크아웃이란 무엇인가?
106,보험회사의 경우 이 비율이 어떻게 활용되는가?
270,외환보유액은 무엇에 해당하나요?
860,국부펀드의 설립이 주로 이루어진 지역은 어디인가?
435,물가안정목표제에서 중앙은행의 역할은 무엇인가?
102,현금자동인출기 공동망이란 무엇인가?
